{
  "model": "Random Forest",
  "rmse": 7.241791199542969,
  "mae": 3.438221502517146,
  "r2": 0.9152258316431024
}