{
  "model": "LSTM",
  "rmse": 11.740164937671773,
  "mae": 6.555177252821965,
  "r2": 0.7754711711999877
}