{
  "model": "XGBoost",
  "rmse": 7.376973550240257,
  "mae": 3.6431091271831915,
  "r2": 0.9120313366487607
}